{"22": [["14May_2010_Friday_tagesschau_default-4", 9.0, 24.0, [[11.0, 28.0, "NACHT"]], ["NACHT"]], ["09February_2010_Tuesday_tagesschau_default-4", 9.0, 24.0, [[10.0, 26.0, "NACHT"]], ["NACHT"]]], "33": [["04April_2010_Sunday_tagesschau_default-8", 102.0, 108.0, [[98.0, 110.0, "FROST"]], ["FROST"]], ["20July_2010_Tuesday_tagesschau_default-13", 57.0, 63.0, [[55.0, 62.0, "VIEL"]], ["VIEL"]]], "39": [["04April_2010_Sunday_tagesschau_default-8", 102.0, 108.0, [[98.0, 110.0, "FROST"]], ["FROST"]], ["09February_2010_Tuesday_tagesschau_default-2", 114.0, 120.0, [[114.0, 125.0, "KALT"]], ["KALT"]]], "41": [["25August_2010_Wednesday_tagesschau_default-0", 9.0, 24.0, [[6.0, 24.0, "JETZT"]], ["JETZT"]], ["08June_2010_Tuesday_tagesschau_default-0", 9.0, 21.0, [[7.0, 19.0, "JETZT"]], ["JETZT"]]], "42": [["08June_2010_Tuesday_heute_default-7", 78.0, 87.0, [[78.0, 83.0, "KALT"]], ["KALT"]], ["20July_2010_Tuesday_heute_default-0", 180.0, 195.0, [[179.0, 202.0, "KUEHL"]], ["KUEHL"]]], "46": [["12January_2010_Tuesday_tagesschau_default-10", 6.0, 21.0, [[5.0, 24.0, "WIND"]], ["WIND"]], ["11February_2010_Thursday_tagesschau_default-2", 6.0, 15.0, [[6.0, 15.0, "WIND"]], ["WIND"]]], "49": [["08June_2010_Tuesday_tagesschau_default-8", 36.0, 60.0, [[38.0, 70.0, "STURM"]], ["STURM"]], ["26August_2010_Thursday_tagesschau_default-4", 72.0, 87.0, [[72.0, 87.0, "UNWETTER"]], ["UNWETTER"]]], "50": [["26January_2010_Tuesday_heute_default-0", 123.0, 132.0, [[126.0, 133.0, "KALT"]], ["KALT"]], ["12January_2010_Tuesday_heute_default-1", 39.0, 54.0, [[34.0, 58.0, "ENORM"]], ["ENORM"]]], "54": [["25January_2010_Monday_heute_default-13", 207.0, 213.0, [[206.0, 218.0, "KALT"]], ["KALT"]], ["25January_2010_Monday_heute_default-7", 165.0, 174.0, [[166.0, 179.0, "NICHT-KALT"]], ["NICHT-KALT"]]], "67": [["09February_2010_Tuesday_tagesschau_default-2", 117.0, 123.0, [[114.0, 125.0, "KALT"]], ["KALT"]], ["25January_2010_Monday_tagesschau_default-3", 72.0, 81.0, [[67.0, 80.0, "KALT"]], ["KALT"]]], "70": [["17April_2010_Saturday_tagesschau_default-0", 12.0, 42.0, [[6.0, 26.0, "JETZT"], [26.0, 32.0, "WETTER"]], ["JETZT", "WETTER"]], ["06April_2010_Tuesday_tagesschau_default-0", 6.0, 39.0, [[6.0, 21.0, "JETZT"], [21.0, 27.0, "WETTER"], [27.0, 46.0, "MORGEN"]], ["JETZT", "WETTER", "MORGEN"]]], "76": [["12January_2010_Tuesday_heute_default-2", 132.0, 141.0, [[128.0, 142.0, "KALT"]], ["KALT"]], ["26January_2010_Tuesday_heute_default-0", 126.0, 132.0, [[126.0, 133.0, "KALT"]], ["KALT"]]], "78": [["06April_2010_Tuesday_tagesschau_default-12", 69.0, 78.0, [[68.0, 79.0, "KALT"]], ["KALT"]], ["29April_2010_Thursday_heute_default-14", 33.0, 42.0, [[32.0, 46.0, "KUEHL"]], ["KUEHL"]]], "80": [["04April_2010_Sunday_tagesschau_default-0", 9.0, 21.0, [[6.0, 29.0, "JETZT"]], ["JETZT"]], ["08June_2010_Tuesday_tagesschau_default-0", 6.0, 21.0, [[7.0, 19.0, "JETZT"]], ["JETZT"]]], "84": [["09February_2010_Tuesday_tagesschau_default-2", 114.0, 120.0, [[114.0, 125.0, "KALT"]], ["KALT"]], ["20July_2010_Tuesday_tagesschau_default-13", 57.0, 63.0, [[55.0, 62.0, "VIEL"]], ["VIEL"]]], "86": [["09February_2010_Tuesday_tagesschau_default-0", 15.0, 27.0, [[18.0, 24.0, "WETTER"]], ["WETTER"]], ["11February_2010_Thursday_tagesschau_default-0", 15.0, 30.0, [[18.0, 24.0, "WETTER"]], ["WETTER"]]], "90": [["09February_2010_Tuesday_tagesschau_default-4", 9.0, 21.0, [[10.0, 26.0, "NACHT"]], ["NACHT"]], ["11November_2009_Wednesday_tagesschau_default-7", 12.0, 21.0, [[12.0, 27.0, "NACHT"]], ["NACHT"]]], "94": [["14June_2010_Monday_tagesschau_default-0", 9.0, 15.0, [[5.0, 14.0, "JETZT"]], ["JETZT"]], ["15October_2009_Thursday_tagesschau_default-0", 9.0, 15.0, [[11.0, 18.0, "WETTER"]], ["WETTER"]]], "95": [["04April_2010_Sunday_tagesschau_default-8", 102.0, 111.0, [[98.0, 110.0, "FROST"]], ["FROST"]], ["12January_2010_Tuesday_heute_default-1", 42.0, 54.0, [[34.0, 58.0, "ENORM"]], ["ENORM"]]], "104": [["05April_2010_Monday_tagesschau_default-11", 9.0, 21.0, [[8.0, 25.0, "WIND"]], ["WIND"]], ["26January_2010_Tuesday_tagesschau_default-5", 123.0, 132.0, [[121.0, 133.0, "STURM"]], ["STURM"]]]}